Booking_ID,no_of_adults,no_of_children,no_of_weekend_nights,no_of_week_nights,type_of_meal_plan,room_type_reserved,lead_time,arrival_date,market_segment_type,avg_price_per_room,booking_status
INN00001,2,0,1,2,Meal Plan 1,Room_Type 1,224,2017-10-02,Offline,65,Not_Canceled
INN00002,2,0,2,3,Not Selected,Room_Type 1,5,2017-10-03,Online,106.68,Not_Canceled
INN00003,1,0,2,1,Meal Plan 1,Room_Type 1,1,2017-10-04,Online,60,Canceled
INN00004,2,0,0,2,Meal Plan 1,Room_Type 1,211,2017-10-05,Online,100,Canceled
INN00005,2,0,1,1,Not Selected,Room_Type 1,48,2017-10-06,Online,94.5,Canceled
INN00006,2,0,0,2,Meal Plan 2,Room_Type 1,346,2017-10-07,Online,115,Canceled
INN00007,2,0,1,3,Meal Plan 1,Room_Type 1,34,2017-10-08,Online,107.55,Not_Canceled
INN00008,2,0,1,3,Meal Plan 1,Room_Type 4,83,2017-10-09,Online,105.61,Not_Canceled
INN00009,3,0,0,4,Meal Plan 1,Room_Type 1,121,2017-10-10,Offline,96.9,Not_Canceled
INN00010,2,0,0,5,Meal Plan 1,Room_Type 4,44,2017-10-11,Online,133.44,Not_Canceled
INN00011,1,0,1,0,Not Selected,Room_Type 1,0,2017-10-12,Online,85.03,Not_Canceled
INN00012,1,0,2,1,Meal Plan 1,Room_Type 4,35,2017-10-13,Online,140.4,Not_Canceled
INN00013,2,0,2,1,Not Selected,Room_Type 1,30,2017-10-14,Online,88,Canceled
INN00014,1,0,2,0,Meal Plan 1,Room_Type 1,95,2017-10-15,Online,90,Canceled
INN00015,2,0,0,2,Meal Plan 1,Room_Type 1,47,2017-10-16,Online,94.5,Not_Canceled
INN00016,2,0,0,2,Meal Plan 2,Room_Type 1,256,2017-10-17,Online,115,Canceled
INN00017,1,0,1,0,Meal Plan 1,Room_Type 1,0,2017-10-18,Offline,96,Not_Canceled
INN00018,2,0,1,3,Not Selected,Room_Type 1,1,2017-10-19,Online,96,Not_Canceled
INN00019,2,0,2,2,Meal Plan 1,Room_Type 1,99,2017-10-20,Online,65,Canceled
INN00020,2,0,1,0,Meal Plan 1,Room_Type 1,12,2017-10-21,Offline,72,Not_Canceled
INN00021,2,0,2,2,Meal Plan 1,Room_Type 1,99,2017-10-22,Online,65,Canceled
INN00022,1,0,0,1,Meal Plan 1,Room_Type 1,122,2017-10-23,Corporate,67,Not_Canceled
INN00023,2,0,2,4,Meal Plan 1,Room_Type 1,2,2017-10-24,Offline,85,Not_Canceled
INN00024,2,0,0,3,Meal Plan 1,Room_Type 1,37,2017-10-25,Offline,105,Not_Canceled
INN00025,2,0,2,1,Not Selected,Room_Type 1,130,2017-10-26,Online,94.5,Not_Canceled
INN00026,2,0,0,2,Meal Plan 1,Room_Type 1,99,2017-10-27,Online,114.3,Not_Canceled
INN00027,2,0,1,1,Meal Plan 1,Room_Type 1,60,2017-10-28,Offline,65,Not_Canceled
INN00028,1,0,0,2,Meal Plan 1,Room_Type 4,2,2017-10-29,Aviation,110,Canceled
INN00029,1,0,1,2,Meal Plan 1,Room_Type 1,37,2017-10-30,Online,37.33,Canceled
INN00030,2,0,0,2,Meal Plan 2,Room_Type 1,56,2017-10-31,Offline,82,Not_Canceled
INN00031,2,0,1,1,Meal Plan 1,Room_Type 4,3,2017-11-01,Online,177.5,Not_Canceled
INN00032,2,0,2,2,Meal Plan 1,Room_Type 1,107,2017-11-02,Online,87.5,Not_Canceled
INN00033,0,2,0,3,Meal Plan 1,Room_Type 2,56,2017-11-03,Online,82.44,Not_Canceled
INN00034,2,0,0,1,Not Selected,Room_Type 1,2,2017-11-04,Online,69.5,Not_Canceled
INN00035,2,0,0,2,Meal Plan 1,Room_Type 1,72,2017-11-05,Offline,85.5,Not_Canceled
INN00036,2,0,0,1,Not Selected,Room_Type 1,23,2017-11-06,Online,115,Not_Canceled
INN00037,1,0,2,1,Meal Plan 1,Room_Type 1,34,2017-11-07,Online,81,Canceled
INN00038,2,0,0,1,Meal Plan 1,Room_Type 1,289,2017-11-08,Offline,67,Not_Canceled
INN00039,2,0,2,3,Not Selected,Room_Type 1,247,2017-11-09,Online,63.75,Canceled
INN00040,2,0,2,1,Meal Plan 1,Room_Type 4,186,2017-11-10,Online,121.8,Canceled
INN00041,2,0,0,4,Meal Plan 1,Room_Type 1,64,2017-11-11,Online,93.6,Not_Canceled
INN00042,2,0,0,2,Meal Plan 1,Room_Type 1,35,2017-11-12,Online,102,Not_Canceled
INN00043,3,0,2,1,Meal Plan 1,Room_Type 1,96,2017-11-13,Online,121.8,Not_Canceled
INN00044,2,0,1,1,Not Selected,Room_Type 1,41,2017-11-14,Online,98.1,Canceled
INN00045,2,0,0,4,Meal Plan 1,Room_Type 4,55,2017-11-15,Offline,60,Not_Canceled
INN00046,2,0,0,3,Meal Plan 1,Room_Type 1,146,2017-11-16,Offline,75,Not_Canceled
INN00047,1,0,0,2,Meal Plan 1,Room_Type 1,32,2017-11-17,Offline,73,Not_Canceled
INN00048,2,0,0,1,Meal Plan 2,Room_Type 1,55,2017-11-18,Offline,104,Not_Canceled
INN00049,2,0,0,4,Not Selected,Room_Type 1,57,2017-11-19,Online,79.2,Not_Canceled
INN00050,1,0,1,3,Meal Plan 1,Room_Type 4,7,2017-11-20,Online,125.8,Not_Canceled
INN00051,1,0,2,5,Not Selected,Room_Type 1,124,2017-11-21,Online,87.95,Not_Canceled
INN00052,2,0,2,2,Meal Plan 2,Room_Type 1,169,2017-11-22,Online,106,Canceled
INN00053,1,0,1,2,Meal Plan 1,Room_Type 1,6,2017-11-23,Online,136.67,Not_Canceled
INN00054,2,0,0,4,Meal Plan 1,Room_Type 4,51,2017-11-24,Offline,60,Not_Canceled
INN00055,2,0,1,0,Not Selected,Room_Type 1,13,2017-11-25,Online,89,Not_Canceled
INN00056,2,0,1,3,Meal Plan 1,Room_Type 1,100,2017-11-26,Online,136,Not_Canceled
INN00057,2,0,0,1,Not Selected,Room_Type 1,139,2017-11-27,Online,94.5,Not_Canceled
INN00058,2,0,1,2,Meal Plan 1,Room_Type 1,117,2017-11-28,Online,93.6,Not_Canceled
INN00059,2,0,1,4,Meal Plan 1,Room_Type 4,39,2017-11-29,Online,120.6,Canceled
INN00060,2,0,0,3,Meal Plan 1,Room_Type 4,86,2017-11-30,Online,99.3,Not_Canceled
INN00061,2,2,0,1,Meal Plan 1,Room_Type 6,2,2017-12-01,Online,258,Not_Canceled
INN00062,1,0,0,3,Meal Plan 1,Room_Type 4,19,2017-12-02,Online,120.12,Not_Canceled
INN00063,1,0,0,2,Meal Plan 1,Room_Type 1,192,2017-12-03,Offline,95,Not_Canceled
INN00064,1,0,0,1,Meal Plan 1,Room_Type 1,2,2017-12-04,Complementary,0,Not_Canceled
INN00065,2,0,2,1,Meal Plan 1,Room_Type 1,86,2017-12-05,Offline,75,Not_Canceled
INN00066,2,0,0,3,Meal Plan 1,Room_Type 4,30,2017-12-06,Online,157.5,Not_Canceled
INN00067,2,0,0,2,Meal Plan 1,Room_Type 4,179,2017-12-07,Online,97.7,Not_Canceled
INN00068,2,0,0,2,Meal Plan 1,Room_Type 4,26,2017-12-08,Online,142,Canceled
INN00069,2,0,0,1,Meal Plan 1,Room_Type 1,55,2017-12-09,Offline,80,Not_Canceled
INN00070,2,0,1,2,Meal Plan 1,Room_Type 1,74,2017-12-10,Online,85.5,Not_Canceled
INN00071,2,0,0,3,Meal Plan 1,Room_Type 1,143,2017-12-11,Offline,100,Not_Canceled
INN00072,2,0,1,0,Not Selected,Room_Type 1,34,2017-12-12,Online,88,Not_Canceled
INN00073,2,0,1,1,Meal Plan 1,Room_Type 1,30,2017-12-13,Online,122.85,Not_Canceled
INN00074,2,0,0,2,Meal Plan 1,Room_Type 1,177,2017-12-14,Online,100,Canceled
INN00075,2,0,2,3,Meal Plan 1,Room_Type 4,34,2017-12-15,Offline,75,Not_Canceled
INN00076,2,0,1,4,Meal Plan 1,Room_Type 4,18,2017-12-16,Online,116.8,Not_Canceled
INN00077,3,0,1,1,Meal Plan 1,Room_Type 4,267,2017-12-17,Online,121.5,Not_Canceled
INN00078,2,0,1,2,Meal Plan 1,Room_Type 1,64,2017-12-18,Online,111.9,Not_Canceled
INN00079,3,0,2,5,Meal Plan 1,Room_Type 4,155,2017-12-19,Online,121.55,Canceled
INN00080,2,0,0,5,Meal Plan 1,Room_Type 1,46,2017-12-20,Offline,75,Not_Canceled
INN00081,2,2,0,2,Meal Plan 1,Room_Type 6,83,2017-12-21,Online,159.3,Canceled
INN00082,2,0,0,5,Meal Plan 1,Room_Type 4,128,2017-12-22,Online,132.3,Canceled
INN00083,2,0,2,0,Not Selected,Room_Type 1,20,2017-12-23,Online,88,Not_Canceled
INN00084,2,0,1,4,Meal Plan 1,Room_Type 4,40,2017-12-24,Online,98.82,Not_Canceled
INN00085,2,0,1,2,Meal Plan 1,Room_Type 4,46,2017-12-25,Online,98.3,Not_Canceled
INN00086,1,0,1,0,Meal Plan 1,Room_Type 1,1,2017-12-26,Online,150,Not_Canceled
INN00087,2,0,2,3,Not Selected,Room_Type 1,196,2017-12-27,Online,96.05,Not_Canceled
INN00088,1,0,0,2,Meal Plan 1,Room_Type 1,188,2017-12-28,Online,130,Canceled
INN00089,2,0,0,1,Not Selected,Room_Type 1,17,2017-12-29,Online,95,Not_Canceled
INN00090,2,0,0,3,Meal Plan 1,Room_Type 5,146,2017-12-30,Offline,113.56,Not_Canceled
INN00091,2,0,1,3,Not Selected,Room_Type 1,110,2017-12-31,Online,101.58,Not_Canceled
INN00092,2,0,1,2,Meal Plan 1,Room_Type 1,68,2018-01-01,Online,105.3,Not_Canceled
INN00093,2,0,2,1,Meal Plan 1,Room_Type 4,73,2018-01-02,Online,115.8,Not_Canceled
INN00094,2,0,0,1,Meal Plan 1,Room_Type 4,92,2018-01-03,Online,149.4,Not_Canceled
INN00095,2,0,2,5,Meal Plan 1,Room_Type 1,171,2018-01-04,Online,111.59,Canceled
INN00096,2,1,0,2,Meal Plan 1,Room_Type 1,134,2018-01-05,Online,130.5,Not_Canceled
INN00097,2,0,0,2,Meal Plan 2,Room_Type 1,320,2018-01-06,Online,115,Canceled
INN00098,2,0,0,4,Meal Plan 1,Room_Type 1,118,2018-01-07,Online,90.95,Not_Canceled
INN00099,2,0,0,3,Meal Plan 1,Room_Type 1,30,2018-01-08,Online,76.08,Not_Canceled
INN00100,2,2,1,3,Meal Plan 1,Room_Type 6,30,2018-01-09,Online,156.9,Not_Canceled
INN00101,2,0,1,0,Not Selected,Room_Type 1,189,2018-01-10,Online,85.5,Not_Canceled
INN00102,3,0,1,2,Meal Plan 1,Room_Type 4,55,2018-01-11,Online,159.3,Not_Canceled
INN00103,1,0,0,4,Meal Plan 1,Room_Type 1,55,2018-01-12,Online,74.8,Not_Canceled
INN00104,2,0,0,1,Meal Plan 1,Room_Type 1,16,2018-01-13,Online,95,Not_Canceled
INN00105,2,0,0,3,Meal Plan 1,Room_Type 1,24,2018-01-14,Online,107,Not_Canceled
INN00106,2,0,0,3,Meal Plan 1,Room_Type 1,8,2018-01-15,Offline,64,Not_Canceled
INN00107,2,0,1,4,Meal Plan 1,Room_Type 1,10,2018-01-16,Online,82.95,Not_Canceled
INN00108,2,0,1,3,Meal Plan 1,Room_Type 4,0,2018-01-17,Online,155,Not_Canceled
INN00109,2,0,0,1,Not Selected,Room_Type 1,12,2018-01-18,Online,101.68,Not_Canceled
INN00110,2,0,2,1,Meal Plan 1,Room_Type 1,32,2018-01-19,Online,94.5,Not_Canceled
INN00111,2,0,0,2,Meal Plan 1,Room_Type 1,182,2018-01-20,Online,117.9,Canceled
INN00112,2,0,1,0,Not Selected,Room_Type 1,1,2018-01-21,Online,127,Not_Canceled
INN00113,2,0,0,3,Not Selected,Room_Type 1,122,2018-01-22,Online,116.1,Not_Canceled
INN00114,2,0,2,3,Meal Plan 1,Room_Type 1,40,2018-01-23,Online,117.9,Not_Canceled
INN00115,2,2,2,2,Meal Plan 1,Room_Type 2,116,2018-01-24,Online,184.24,Canceled
INN00116,3,0,2,2,Meal Plan 1,Room_Type 4,123,2018-01-25,Online,155.7,Not_Canceled
INN00117,3,0,2,5,Meal Plan 1,Room_Type 4,40,2018-01-26,Online,135.76,Canceled
INN00118,2,1,2,5,Meal Plan 1,Room_Type 1,105,2018-01-27,Online,102.83,Not_Canceled
INN00119,2,0,0,1,Meal Plan 1,Room_Type 1,443,2018-01-28,Online,65,Canceled
INN00120,2,0,2,3,Meal Plan 1,Room_Type 1,2,2018-01-29,Online,103,Not_Canceled
INN00121,2,0,0,3,Meal Plan 1,Room_Type 1,317,2018-01-30,Online,106.2,Canceled
INN00122,2,0,0,2,Meal Plan 2,Room_Type 1,286,2018-01-31,Offline,58.5,Not_Canceled
INN00123,2,0,1,3,Meal Plan 1,Room_Type 1,68,2018-02-01,Online,73.95,Canceled
INN00124,2,0,0,3,Meal Plan 1,Room_Type 1,148,2018-02-02,Online,105.3,Not_Canceled
INN00125,3,0,2,0,Meal Plan 1,Room_Type 4,68,2018-02-03,Online,133.2,Not_Canceled
INN00126,2,0,0,2,Meal Plan 1,Room_Type 1,30,2018-02-04,Offline,85.5,Not_Canceled
INN00127,1,0,0,1,Meal Plan 1,Room_Type 1,14,2018-02-05,Online,112,Canceled
INN00128,2,2,0,2,Meal Plan 1,Room_Type 6,110,2018-02-06,Online,190.8,Canceled
INN00129,1,0,2,3,Meal Plan 1,Room_Type 1,117,2018-02-07,Offline,110,Not_Canceled
INN00130,2,0,1,4,Meal Plan 1,Room_Type 4,85,2018-02-08,Online,91.48,Not_Canceled
INN00131,2,0,0,2,Not Selected,Room_Type 1,1,2018-02-09,Online,135,Not_Canceled
INN00132,1,0,1,2,Meal Plan 1,Room_Type 1,25,2018-02-10,Online,129,Not_Canceled
INN00133,2,0,2,4,Not Selected,Room_Type 1,289,2018-02-11,Online,70.55,Canceled
INN00134,2,0,1,4,Meal Plan 1,Room_Type 4,28,2018-02-12,Offline,75,Not_Canceled
INN00135,1,0,0,4,Not Selected,Room_Type 1,80,2018-02-13,Online,72.25,Not_Canceled
INN00136,2,0,0,1,Meal Plan 1,Room_Type 4,11,2018-02-14,Online,155,Not_Canceled
INN00137,2,1,1,0,Meal Plan 1,Room_Type 1,162,2018-02-15,Online,121.5,Canceled
INN00138,2,0,2,5,Meal Plan 1,Room_Type 1,155,2018-02-16,Online,90.95,Not_Canceled
INN00139,1,0,2,2,Meal Plan 1,Room_Type 1,82,2018-02-17,Online,109.65,Not_Canceled
INN00140,3,0,2,4,Meal Plan 1,Room_Type 4,27,2018-02-18,Online,142.72,Canceled
INN00141,1,0,1,2,Meal Plan 1,Room_Type 1,13,2018-02-19,Offline,90,Not_Canceled
INN00142,2,0,0,2,Meal Plan 1,Room_Type 1,245,2018-02-20,Online,75,Canceled
INN00143,2,0,0,2,Meal Plan 1,Room_Type 1,11,2018-02-21,Online,111,Canceled
INN00144,2,0,2,2,Meal Plan 1,Room_Type 1,266,2018-02-22,Online,86.7,Not_Canceled
INN00145,2,0,1,0,Meal Plan 1,Room_Type 1,39,2018-02-23,Online,117.9,Not_Canceled
INN00146,1,0,0,2,Meal Plan 1,Room_Type 1,13,2018-02-24,Complementary,0,Not_Canceled
INN00147,2,0,0,4,Not Selected,Room_Type 1,112,2018-02-25,Online,101.58,Not_Canceled
INN00148,2,0,1,2,Not Selected,Room_Type 1,88,2018-02-26,Online,58.9,Not_Canceled
INN00149,2,0,0,1,Meal Plan 1,Room_Type 1,56,2018-02-27,Offline,120,Not_Canceled
INN00150,2,0,2,3,Meal Plan 1,Room_Type 4,73,2018-02-28,Online,107.1,Canceled
INN00151,2,0,1,1,Meal Plan 1,Room_Type 1,80,2018-03-01,Online,126.9,Not_Canceled
INN00152,2,0,0,3,Meal Plan 1,Room_Type 4,130,2018-03-02,Online,139.5,Canceled
INN00153,2,0,1,3,Not Selected,Room_Type 1,69,2018-03-03,Online,80.75,Not_Canceled
INN00154,2,0,0,2,Meal Plan 2,Room_Type 1,273,2018-03-04,Online,109,Canceled
INN00155,2,0,0,1,Meal Plan 2,Room_Type 1,55,2018-03-05,Offline,104,Not_Canceled
INN00156,1,0,0,3,Meal Plan 1,Room_Type 1,4,2018-03-06,Corporate,65,Not_Canceled
INN00157,2,0,0,3,Meal Plan 1,Room_Type 4,97,2018-03-07,Online,140.4,Not_Canceled
INN00158,2,0,0,3,Meal Plan 1,Room_Type 1,44,2018-03-08,Offline,75,Not_Canceled
INN00159,2,0,0,1,Not Selected,Room_Type 1,31,2018-03-09,Online,94.5,Canceled
INN00160,2,0,1,0,Not Selected,Room_Type 1,0,2018-03-10,Online,109,Not_Canceled
INN00161,2,0,2,2,Meal Plan 1,Room_Type 1,62,2018-03-11,Online,105,Not_Canceled
INN00162,2,0,2,2,Meal Plan 1,Room_Type 4,86,2018-03-12,Online,107.95,Not_Canceled
INN00163,3,0,2,2,Meal Plan 1,Room_Type 7,3,2018-03-13,Online,215.6,Not_Canceled
INN00164,2,0,1,1,Not Selected,Room_Type 1,197,2018-03-14,Online,85.5,Not_Canceled
INN00165,2,0,0,2,Meal Plan 1,Room_Type 1,143,2018-03-15,Online,105.3,Not_Canceled
INN00166,1,0,2,1,Meal Plan 2,Room_Type 1,23,2018-03-16,Online,1,Not_Canceled
INN00167,2,0,0,2,Meal Plan 1,Room_Type 4,8,2018-03-17,Online,156,Canceled
INN00168,1,0,0,2,Meal Plan 1,Room_Type 1,13,2018-03-18,Online,73.15,Not_Canceled
INN00169,2,0,1,2,Meal Plan 1,Room_Type 1,280,2018-03-19,Online,110,Canceled
INN00170,2,1,1,0,Not Selected,Room_Type 1,11,2018-03-20,Online,87.4,Not_Canceled
INN00171,2,0,0,2,Meal Plan 1,Room_Type 1,317,2018-03-21,Online,120,Canceled
INN00172,2,0,1,2,Not Selected,Room_Type 1,185,2018-03-22,Online,79.2,Canceled
INN00173,2,0,1,3,Meal Plan 1,Room_Type 1,160,2018-03-23,Online,90.95,Not_Canceled
INN00174,2,0,0,4,Meal Plan 1,Room_Type 1,104,2018-03-24,Online,91.48,Not_Canceled
INN00175,2,1,0,1,Meal Plan 1,Room_Type 1,11,2018-03-25,Online,150,Canceled
INN00176,2,0,0,1,Not Selected,Room_Type 1,2,2018-03-26,Online,89,Not_Canceled
INN00177,2,0,1,4,Not Selected,Room_Type 1,14,2018-03-27,Online,91.43,Not_Canceled
INN00178,2,0,0,2,Meal Plan 1,Room_Type 1,22,2018-03-28,Offline,140,Not_Canceled
INN00179,1,1,2,5,Not Selected,Room_Type 1,37,2018-03-29,Online,87.78,Not_Canceled
INN00180,2,0,0,2,Meal Plan 2,Room_Type 1,292,2018-03-30,Online,115,Canceled
INN00181,2,0,0,3,Meal Plan 1,Room_Type 1,11,2018-03-31,Online,80.85,Not_Canceled
INN00182,2,0,1,3,Meal Plan 1,Room_Type 1,86,2018-04-01,Online,82.45,Not_Canceled
INN00183,2,0,0,1,Not Selected,Room_Type 1,109,2018-04-02,Online,108,Canceled
INN00184,2,0,1,1,Meal Plan 1,Room_Type 4,72,2018-04-03,Online,96.3,Not_Canceled
INN00185,2,0,1,5,Meal Plan 1,Room_Type 1,196,2018-04-04,Online,99.45,Canceled
INN00186,2,0,0,2,Meal Plan 1,Room_Type 4,56,2018-04-05,Online,140.4,Not_Canceled
INN00187,2,0,1,3,Meal Plan 1,Room_Type 1,189,2018-04-06,Offline,72.25,Not_Canceled
INN00188,2,0,1,4,Meal Plan 1,Room_Type 4,126,2018-04-07,Online,126,Not_Canceled
INN00189,2,0,2,3,Meal Plan 1,Room_Type 1,303,2018-04-08,Online,78,Canceled
INN00190,1,0,2,2,Meal Plan 1,Room_Type 4,81,2018-04-09,Online,146.6,Not_Canceled
INN00191,2,0,1,2,Meal Plan 1,Room_Type 1,54,2018-04-10,Online,118.8,Canceled
INN00192,1,0,0,1,Meal Plan 1,Room_Type 1,15,2018-04-11,Online,145,Canceled
INN00193,2,0,0,4,Meal Plan 1,Room_Type 1,86,2018-04-12,Online,84.58,Canceled
INN00194,2,0,1,2,Meal Plan 2,Room_Type 1,161,2018-04-13,Online,130,Canceled
INN00195,2,0,4,10,Meal Plan 1,Room_Type 4,147,2018-04-14,Online,118.88,Canceled
INN00196,2,0,1,2,Meal Plan 1,Room_Type 1,92,2018-04-15,Offline,101.52,Not_Canceled
INN00197,2,0,0,1,Meal Plan 1,Room_Type 1,87,2018-04-16,Corporate,100,Canceled
INN00198,2,0,2,1,Meal Plan 1,Room_Type 1,109,2018-04-17,Offline,58,Not_Canceled
INN00199,2,0,0,4,Meal Plan 1,Room_Type 1,127,2018-04-18,Offline,61.5,Not_Canceled
INN00200,2,0,1,2,Meal Plan 2,Room_Type 1,418,2018-04-19,Online,107,Canceled
INN00201,2,0,1,4,Not Selected,Room_Type 1,156,2018-04-20,Online,87.3,Not_Canceled
INN00202,2,0,0,2,Meal Plan 1,Room_Type 1,80,2018-04-21,Online,76.5,Canceled
INN00203,2,0,2,2,Not Selected,Room_Type 1,211,2018-04-22,Online,63.75,Canceled
INN00204,2,0,1,2,Meal Plan 1,Room_Type 1,273,2018-04-23,Online,95,Canceled
INN00205,2,0,2,1,Meal Plan 1,Room_Type 1,58,2018-04-24,Offline,75,Not_Canceled
INN00206,2,0,0,3,Meal Plan 1,Room_Type 1,433,2018-04-25,Online,70,Canceled
INN00207,2,0,1,3,Meal Plan 1,Room_Type 1,111,2018-04-26,Online,101.58,Not_Canceled
INN00208,2,0,2,3,Meal Plan 1,Room_Type 1,34,2018-04-27,Offline,85,Not_Canceled
INN00209,2,0,2,4,Meal Plan 1,Room_Type 1,17,2018-04-28,Online,98.39,Not_Canceled
INN00210,1,0,0,0,Meal Plan 1,Room_Type 1,4,2018-04-29,Complementary,0,Not_Canceled
INN00211,2,0,0,3,Meal Plan 1,Room_Type 1,6,2018-04-30,Online,106.07,Not_Canceled
INN00212,2,0,1,1,Meal Plan 1,Room_Type 1,32,2018-05-01,Offline,105,Not_Canceled
INN00213,2,0,0,1,Meal Plan 1,Room_Type 1,4,2018-05-02,Online,145,Not_Canceled
INN00214,3,0,2,1,Meal Plan 1,Room_Type 1,195,2018-05-03,Online,106.03,Canceled
INN00215,2,0,2,2,Meal Plan 1,Room_Type 1,119,2018-05-04,Online,114.3,Not_Canceled
INN00216,1,0,1,1,Not Selected,Room_Type 1,13,2018-05-05,Online,88,Not_Canceled
INN00217,2,0,0,2,Meal Plan 1,Room_Type 1,59,2018-05-06,Online,89.25,Not_Canceled
INN00218,2,1,2,5,Meal Plan 1,Room_Type 4,78,2018-05-07,Online,86.32,Not_Canceled
INN00219,2,0,0,3,Meal Plan 1,Room_Type 1,335,2018-05-08,Offline,90,Not_Canceled
INN00220,2,0,2,5,Meal Plan 1,Room_Type 1,103,2018-05-09,Online,55.96,Not_Canceled
INN00221,1,0,0,2,Not Selected,Room_Type 1,0,2018-05-10,Online,109,Not_Canceled
INN00222,2,0,0,1,Meal Plan 1,Room_Type 1,118,2018-05-11,Offline,86,Not_Canceled
INN00223,2,0,1,5,Meal Plan 1,Room_Type 1,56,2018-05-12,Online,118.95,Not_Canceled
INN00224,2,0,0,2,Meal Plan 1,Room_Type 1,107,2018-05-13,Offline,130,Not_Canceled
INN00225,2,0,1,3,Not Selected,Room_Type 1,70,2018-05-14,Online,90.56,Not_Canceled
INN00226,2,0,0,2,Meal Plan 1,Room_Type 1,76,2018-05-15,Online,87.3,Not_Canceled
INN00227,2,2,2,2,Meal Plan 1,Room_Type 6,144,2018-05-16,Online,177.65,Canceled
INN00228,1,2,2,2,Meal Plan 1,Room_Type 6,4,2018-05-17,Online,200.75,Not_Canceled
INN00229,2,1,0,2,Meal Plan 1,Room_Type 1,15,2018-05-18,Online,127,Not_Canceled
INN00230,1,0,1,2,Meal Plan 1,Room_Type 1,32,2018-05-19,Online,72.9,Canceled
INN00231,3,0,1,1,Meal Plan 1,Room_Type 4,49,2018-05-20,Online,159.3,Canceled
INN00232,2,1,1,3,Meal Plan 1,Room_Type 1,77,2018-05-21,Online,135.15,Not_Canceled
INN00233,1,0,0,2,Meal Plan 1,Room_Type 1,22,2018-05-22,Offline,90,Not_Canceled
INN00234,2,0,1,0,Not Selected,Room_Type 1,0,2018-05-23,Online,114,Not_Canceled
INN00235,2,1,0,1,Meal Plan 1,Room_Type 1,58,2018-05-24,Online,125.1,Not_Canceled
INN00236,2,0,2,6,Not Selected,Room_Type 1,4,2018-05-25,Online,95.13,Not_Canceled
INN00237,2,0,0,2,Meal Plan 1,Room_Type 5,117,2018-05-26,Online,105.84,Canceled
INN00238,2,0,1,3,Meal Plan 1,Room_Type 1,36,2018-05-27,Online,102,Canceled
INN00239,2,0,2,2,Not Selected,Room_Type 1,35,2018-05-28,Online,74.8,Not_Canceled
INN00240,2,0,1,0,Not Selected,Room_Type 1,31,2018-05-29,Online,94.5,Canceled
INN00241,2,0,2,4,Not Selected,Room_Type 1,79,2018-05-30,Online,120.6,Not_Canceled
INN00242,2,0,1,2,Meal Plan 1,Room_Type 1,1,2018-05-31,Online,139.33,Not_Canceled
INN00243,2,0,0,2,Meal Plan 1,Room_Type 1,21,2018-06-01,Online,105,Not_Canceled
INN00244,2,0,0,2,Not Selected,Room_Type 1,12,2018-06-02,Corporate,100,Not_Canceled
INN00245,2,0,1,0,Meal Plan 1,Room_Type 1,33,2018-06-03,Online,80.3,Not_Canceled
INN00246,1,0,0,2,Meal Plan 1,Room_Type 1,164,2018-06-04,Offline,100,Not_Canceled
INN00247,2,0,0,3,Meal Plan 1,Room_Type 1,78,2018-06-05,Online,105.3,Not_Canceled
INN00248,2,0,0,4,Meal Plan 1,Room_Type 4,18,2018-06-06,Online,112.8,Canceled
INN00249,2,0,1,2,Meal Plan 1,Room_Type 1,21,2018-06-07,Online,151,Canceled
INN00250,1,0,1,3,Meal Plan 1,Room_Type 1,0,2018-06-08,Online,91,Not_Canceled
INN00251,3,0,2,1,Meal Plan 1,Room_Type 4,152,2018-06-09,Online,146.7,Canceled
INN00252,2,0,2,3,Meal Plan 1,Room_Type 1,43,2018-06-10,Offline,58.4,Not_Canceled
INN00253,2,0,0,4,Not Selected,Room_Type 1,177,2018-06-11,Online,80.75,Canceled
INN00254,2,0,1,1,Not Selected,Room_Type 1,47,2018-06-12,Offline,76.5,Not_Canceled
INN00255,3,0,0,3,Meal Plan 1,Room_Type 4,57,2018-06-13,Online,140.13,Not_Canceled
INN00256,2,0,2,4,Not Selected,Room_Type 1,60,2018-06-14,Online,76,Not_Canceled
INN00257,2,0,0,1,Meal Plan 1,Room_Type 1,0,2018-06-15,Online,200,Not_Canceled
INN00258,2,0,0,2,Meal Plan 2,Room_Type 1,102,2018-06-16,Online,101.5,Canceled
INN00259,2,0,0,3,Not Selected,Room_Type 1,71,2018-06-17,Online,108,Not_Canceled
INN00260,3,0,2,3,Meal Plan 2,Room_Type 4,111,2018-06-18,Online,189,Not_Canceled
INN00261,3,0,1,1,Meal Plan 1,Room_Type 4,1,2018-06-19,Online,166,Not_Canceled
INN00262,2,0,1,1,Not Selected,Room_Type 1,4,2018-06-20,Online,67.5,Not_Canceled
INN00263,2,0,1,3,Meal Plan 1,Room_Type 4,25,2018-06-21,Online,78.54,Not_Canceled
INN00264,1,0,2,2,Meal Plan 1,Room_Type 1,209,2018-06-22,Online,152.1,Canceled
INN00265,1,0,2,1,Meal Plan 1,Room_Type 1,93,2018-06-23,Online,115,Canceled
INN00266,2,0,2,5,Not Selected,Room_Type 1,53,2018-06-24,Online,66.53,Not_Canceled
INN00267,1,0,0,2,Meal Plan 1,Room_Type 1,1,2018-06-25,Complementary,0,Not_Canceled
INN00268,1,0,2,1,Meal Plan 1,Room_Type 1,4,2018-06-26,Complementary,0,Not_Canceled
INN00269,2,0,0,3,Meal Plan 1,Room_Type 1,302,2018-06-27,Online,90.3,Canceled
INN00270,2,0,0,2,Meal Plan 1,Room_Type 1,122,2018-06-28,Offline,85,Not_Canceled
INN00271,1,0,0,1,Meal Plan 1,Room_Type 1,16,2018-06-29,Corporate,75,Not_Canceled
INN00272,2,0,2,4,Meal Plan 1,Room_Type 1,28,2018-06-30,Online,115.37,Canceled
INN00273,2,0,1,2,Meal Plan 2,Room_Type 1,161,2018-07-01,Online,130,Canceled
INN00274,3,0,0,2,Meal Plan 1,Room_Type 4,57,2018-07-02,Online,126,Not_Canceled
INN00275,2,0,1,0,Meal Plan 1,Room_Type 1,19,2018-07-03,Online,94.35,Not_Canceled
INN00276,3,0,2,4,Meal Plan 1,Room_Type 4,109,2018-07-04,Online,118.46,Not_Canceled
INN00277,1,0,0,2,Meal Plan 2,Room_Type 1,239,2018-07-05,Online,90.6,Canceled
INN00278,1,0,2,1,Meal Plan 1,Room_Type 1,33,2018-07-06,Online,82.9,Not_Canceled
INN00279,2,0,0,3,Meal Plan 1,Room_Type 1,11,2018-07-07,Online,95.33,Not_Canceled
INN00280,3,0,2,5,Meal Plan 1,Room_Type 4,40,2018-07-08,Online,135.64,Not_Canceled
INN00281,3,0,1,1,Meal Plan 1,Room_Type 4,45,2018-07-09,Offline,122.4,Not_Canceled
INN00282,2,0,1,3,Not Selected,Room_Type 1,41,2018-07-10,Online,116.1,Canceled
INN00283,2,0,0,4,Not Selected,Room_Type 1,167,2018-07-11,Online,62.18,Canceled
INN00284,2,0,0,4,Not Selected,Room_Type 1,62,2018-07-12,Online,63.75,Canceled
INN00285,1,0,1,4,Meal Plan 1,Room_Type 1,113,2018-07-13,Online,118.8,Canceled
INN00286,2,0,0,2,Not Selected,Room_Type 1,1,2018-07-14,Online,167,Not_Canceled
INN00287,2,2,2,2,Meal Plan 1,Room_Type 6,84,2018-07-15,Online,187.85,Not_Canceled
INN00288,0,2,2,2,Meal Plan 1,Room_Type 1,68,2018-07-16,Online,108.38,Canceled
INN00289,2,0,0,1,Meal Plan 1,Room_Type 2,9,2018-07-17,Complementary,0,Not_Canceled
INN00290,3,0,1,2,Meal Plan 1,Room_Type 1,245,2018-07-18,Online,128.7,Canceled
INN00291,2,0,1,3,Meal Plan 1,Room_Type 1,80,2018-07-19,Online,80.33,Not_Canceled
INN00292,2,0,1,1,Meal Plan 1,Room_Type 1,7,2018-07-20,Online,140,Canceled
INN00293,2,1,1,1,Meal Plan 1,Room_Type 1,128,2018-07-21,Online,76.5,Not_Canceled
INN00294,2,0,2,1,Meal Plan 1,Room_Type 1,100,2018-07-22,Online,105.3,Not_Canceled
INN00295,2,0,2,1,Meal Plan 1,Room_Type 1,118,2018-07-23,Online,87.3,Canceled
INN00296,1,0,0,3,Meal Plan 1,Room_Type 1,166,2018-07-24,Online,110,Canceled
INN00297,1,0,0,1,Meal Plan 2,Room_Type 1,41,2018-07-25,Offline,83,Not_Canceled
INN00298,2,0,2,2,Meal Plan 1,Room_Type 1,174,2018-07-26,Online,99.45,Not_Canceled
INN00299,2,1,2,1,Meal Plan 2,Room_Type 1,27,2018-07-27,Offline,104.5,Not_Canceled
INN00300,2,0,2,6,Meal Plan 1,Room_Type 1,2,2018-07-28,Online,92.54,Not_Canceled
INN00301,1,0,0,3,Meal Plan 1,Room_Type 1,37,2018-07-29,Offline,95,Not_Canceled
INN00302,1,0,0,2,Meal Plan 1,Room_Type 1,188,2018-07-30,Online,130,Canceled
INN00303,2,0,2,1,Meal Plan 1,Room_Type 1,68,2018-07-31,Offline,63,Not_Canceled
INN00304,2,0,1,2,Meal Plan 1,Room_Type 4,189,2018-08-01,Online,109.8,Canceled
INN00305,2,0,1,0,Meal Plan 1,Room_Type 1,10,2018-08-02,Online,103,Not_Canceled
INN00306,3,0,2,1,Meal Plan 1,Room_Type 4,19,2018-08-03,Online,130,Not_Canceled
INN00307,2,0,0,2,Meal Plan 1,Room_Type 1,61,2018-08-04,Online,117,Canceled
INN00308,2,0,0,4,Meal Plan 1,Room_Type 4,95,2018-08-05,Offline,60.5,Not_Canceled
INN00309,2,0,0,1,Meal Plan 2,Room_Type 1,83,2018-08-06,Offline,112.2,Not_Canceled
INN00310,2,0,1,3,Meal Plan 1,Room_Type 1,37,2018-08-07,Online,135.9,Canceled
INN00311,2,0,1,0,Meal Plan 1,Room_Type 1,19,2018-08-08,Online,151,Canceled
INN00312,2,2,0,2,Meal Plan 1,Room_Type 6,22,2018-08-09,Online,239,Not_Canceled
INN00313,2,0,2,1,Meal Plan 1,Room_Type 1,22,2018-08-10,Online,59.09,Not_Canceled
INN00314,2,0,2,5,Meal Plan 1,Room_Type 1,151,2018-08-11,Online,103.09,Canceled
INN00315,2,0,2,1,Meal Plan 1,Room_Type 1,26,2018-08-12,Offline,87,Not_Canceled
INN00316,3,0,1,0,Meal Plan 1,Room_Type 4,27,2018-08-13,Online,137,Canceled
INN00317,2,0,0,2,Meal Plan 2,Room_Type 1,79,2018-08-14,Offline,109,Not_Canceled
INN00318,2,0,1,1,Meal Plan 2,Room_Type 1,247,2018-08-15,Online,115,Canceled
INN00319,2,0,2,3,Meal Plan 1,Room_Type 4,189,2018-08-16,Online,99.45,Not_Canceled
INN00320,2,0,0,2,Meal Plan 2,Room_Type 1,320,2018-08-17,Online,115,Canceled
INN00321,3,0,1,2,Meal Plan 1,Room_Type 4,27,2018-08-18,Online,130,Not_Canceled
INN00322,1,0,1,0,Meal Plan 1,Room_Type 1,51,2018-08-19,Corporate,65,Not_Canceled
INN00323,2,0,0,2,Meal Plan 1,Room_Type 1,245,2018-08-20,Online,75,Canceled
INN00324,2,1,1,2,Meal Plan 1,Room_Type 1,52,2018-08-21,Online,132.9,Canceled
INN00325,1,0,2,0,Meal Plan 1,Room_Type 1,13,2018-08-22,Online,120,Not_Canceled
INN00326,2,0,0,2,Not Selected,Room_Type 1,46,2018-08-23,Online,79.2,Canceled
INN00327,3,0,2,1,Meal Plan 1,Room_Type 4,84,2018-08-24,Online,159.3,Canceled
INN00328,1,0,0,2,Meal Plan 1,Room_Type 1,188,2018-08-25,Online,130,Canceled
INN00329,2,0,0,3,Meal Plan 1,Room_Type 1,19,2018-08-26,Offline,90,Not_Canceled
INN00330,2,0,0,2,Meal Plan 1,Room_Type 4,67,2018-08-27,Online,140.4,Not_Canceled
INN00331,2,0,0,1,Meal Plan 1,Room_Type 1,0,2018-08-28,Online,75,Not_Canceled
INN00332,2,0,0,2,Meal Plan 2,Room_Type 1,273,2018-08-29,Online,109,Canceled
INN00333,2,0,2,1,Meal Plan 2,Room_Type 1,110,2018-08-30,Online,94.5,Canceled
INN00334,1,0,0,1,Meal Plan 1,Room_Type 1,0,2018-08-31,Corporate,75,Not_Canceled
INN00335,2,0,1,2,Meal Plan 1,Room_Type 4,32,2018-09-01,Offline,75,Not_Canceled
INN00336,2,0,2,1,Meal Plan 1,Room_Type 1,282,2018-09-02,Offline,76.67,Not_Canceled
INN00337,2,0,2,2,Meal Plan 1,Room_Type 1,38,2018-09-03,Online,126,Not_Canceled
INN00338,2,0,1,1,Not Selected,Room_Type 1,175,2018-09-04,Online,85.5,Not_Canceled
INN00339,2,0,0,3,Meal Plan 1,Room_Type 4,143,2018-09-05,Online,140.7,Canceled
INN00340,2,0,2,2,Meal Plan 1,Room_Type 4,127,2018-09-06,Online,103.7,Not_Canceled
INN00341,1,0,0,1,Meal Plan 1,Room_Type 1,0,2018-09-07,Online,142,Not_Canceled
INN00342,2,1,2,5,Meal Plan 1,Room_Type 1,95,2018-09-08,Online,103.7,Not_Canceled
INN00343,1,0,1,2,Meal Plan 1,Room_Type 1,118,2018-09-09,Offline,110,Not_Canceled
INN00344,2,0,0,3,Meal Plan 1,Room_Type 1,45,2018-09-10,Offline,75,Not_Canceled
INN00345,3,0,1,1,Meal Plan 1,Room_Type 4,69,2018-09-11,Online,137.7,Not_Canceled
INN00346,2,0,0,1,Not Selected,Room_Type 1,57,2018-09-12,Online,87.3,Not_Canceled
INN00347,1,0,0,2,Meal Plan 1,Room_Type 1,5,2018-09-13,Complementary,0,Not_Canceled
INN00348,2,0,0,2,Meal Plan 2,Room_Type 1,39,2018-09-14,Offline,101.5,Not_Canceled
INN00349,2,0,0,1,Meal Plan 1,Room_Type 1,0,2018-09-15,Online,97,Not_Canceled
INN00350,3,0,1,1,Meal Plan 1,Room_Type 4,89,2018-09-16,Online,150.3,Not_Canceled
INN00351,2,0,0,4,Meal Plan 1,Room_Type 1,85,2018-09-17,Online,82.45,Not_Canceled
INN00352,1,0,0,1,Meal Plan 1,Room_Type 4,4,2018-09-18,Corporate,103,Not_Canceled
INN00353,1,0,2,6,Meal Plan 1,Room_Type 1,11,2018-09-19,Online,145,Canceled
INN00354,1,0,1,1,Meal Plan 1,Room_Type 1,12,2018-09-20,Online,145,Not_Canceled
INN00355,2,0,2,2,Meal Plan 1,Room_Type 4,77,2018-09-21,Online,134.85,Not_Canceled
INN00356,2,1,1,1,Meal Plan 1,Room_Type 6,14,2018-09-22,Online,168.25,Not_Canceled
INN00357,1,0,2,1,Meal Plan 1,Room_Type 1,1,2018-09-23,Online,60,Canceled
INN00358,2,0,1,3,Meal Plan 1,Room_Type 1,133,2018-09-24,Offline,76,Not_Canceled
INN00359,2,0,1,2,Meal Plan 1,Room_Type 1,3,2018-09-25,Offline,63.5,Not_Canceled
INN00360,2,0,2,0,Meal Plan 1,Room_Type 1,19,2018-09-26,Offline,95,Not_Canceled
INN00361,2,0,2,2,Meal Plan 1,Room_Type 4,86,2018-09-27,Offline,90.95,Not_Canceled
INN00362,2,0,0,2,Meal Plan 1,Room_Type 1,23,2018-09-28,Online,98.4,Not_Canceled
INN00363,2,0,0,1,Meal Plan 1,Room_Type 1,65,2018-09-29,Online,135.9,Not_Canceled
INN00364,2,0,0,2,Meal Plan 1,Room_Type 4,1,2018-09-30,Online,130,Not_Canceled
INN00365,2,0,0,1,Meal Plan 1,Room_Type 4,66,2018-10-01,Online,81.9,Not_Canceled
INN00366,3,0,1,4,Meal Plan 1,Room_Type 1,50,2018-10-02,Online,78.85,Not_Canceled
INN00367,2,0,2,3,Meal Plan 2,Room_Type 1,87,2018-10-03,Online,141.3,Canceled
INN00368,2,0,1,1,Meal Plan 1,Room_Type 1,159,2018-10-04,Offline,70,Not_Canceled
INN00369,2,0,2,3,Meal Plan 2,Room_Type 1,39,2018-10-05,Online,170.1,Not_Canceled
INN00370,2,0,2,0,Meal Plan 2,Room_Type 1,386,2018-10-06,Online,115,Canceled
INN00371,2,2,0,5,Meal Plan 1,Room_Type 6,22,2018-10-07,Online,199,Not_Canceled
INN00372,2,0,2,2,Meal Plan 1,Room_Type 4,102,2018-10-08,Offline,82.45,Not_Canceled
INN00373,4,0,0,3,Meal Plan 1,Room_Type 7,86,2018-10-09,Online,192.86,Not_Canceled
INN00374,2,0,2,2,Meal Plan 1,Room_Type 1,56,2018-10-10,Offline,185,Not_Canceled
INN00375,2,0,2,6,Meal Plan 1,Room_Type 1,36,2018-10-11,Online,68.07,Not_Canceled
INN00376,2,0,0,3,Meal Plan 1,Room_Type 1,50,2018-10-12,Online,118.8,Not_Canceled
INN00377,2,0,0,2,Meal Plan 1,Room_Type 4,115,2018-10-13,Online,104.4,Canceled
INN00378,1,0,0,1,Meal Plan 1,Room_Type 1,0,2018-10-14,Corporate,65,Not_Canceled
INN00379,2,0,1,3,Not Selected,Room_Type 1,35,2018-10-15,Online,71.1,Canceled
INN00380,2,0,2,1,Meal Plan 1,Room_Type 1,17,2018-10-16,Offline,95,Not_Canceled
INN00381,2,0,4,11,Meal Plan 1,Room_Type 4,237,2018-10-17,Online,116.62,Canceled
INN00382,2,0,0,4,Meal Plan 1,Room_Type 1,125,2018-10-18,Online,136,Not_Canceled
INN00383,2,2,2,2,Meal Plan 1,Room_Type 6,32,2018-10-19,Online,147.9,Canceled
INN00384,2,0,2,0,Not Selected,Room_Type 1,5,2018-10-20,Offline,123.7,Not_Canceled
INN00385,2,0,2,1,Meal Plan 1,Room_Type 1,91,2018-10-21,Online,135.9,Canceled
INN00386,2,0,0,2,Meal Plan 2,Room_Type 1,102,2018-10-22,Offline,109,Not_Canceled
INN00387,3,0,2,1,Meal Plan 1,Room_Type 4,9,2018-10-23,Online,186,Not_Canceled
INN00388,3,0,1,3,Meal Plan 1,Room_Type 4,155,2018-10-24,Online,115.6,Canceled
INN00389,2,2,0,1,Meal Plan 1,Room_Type 6,0,2018-10-25,Online,221,Canceled
INN00390,1,0,0,3,Meal Plan 1,Room_Type 1,11,2018-10-26,Corporate,65,Not_Canceled
INN00391,1,0,0,1,Meal Plan 1,Room_Type 1,0,2018-10-27,Corporate,80,Not_Canceled
INN00392,2,1,1,4,Meal Plan 1,Room_Type 1,86,2018-10-28,Offline,73.83,Not_Canceled
INN00393,1,0,0,1,Meal Plan 1,Room_Type 1,18,2018-10-29,Corporate,67,Not_Canceled
INN00394,2,0,0,2,Meal Plan 1,Room_Type 1,58,2018-10-30,Online,80.3,Not_Canceled
INN00395,2,0,2,1,Not Selected,Room_Type 1,54,2018-10-31,Offline,85,Not_Canceled
INN00396,2,1,2,3,Meal Plan 1,Room_Type 1,25,2018-11-01,Online,152.1,Canceled
INN00397,2,0,0,2,Meal Plan 1,Room_Type 1,107,2018-11-02,Online,89.25,Not_Canceled
INN00398,1,0,0,4,Meal Plan 2,Room_Type 1,100,2018-11-03,Offline,110,Not_Canceled
INN00399,2,0,1,2,Meal Plan 1,Room_Type 1,273,2018-11-04,Online,95,Canceled
INN00400,2,0,0,1,Not Selected,Room_Type 1,29,2018-11-05,Online,79,Not_Canceled
INN00401,2,0,0,1,Meal Plan 1,Room_Type 1,221,2018-11-06,Online,80,Canceled
INN00402,2,0,2,2,Meal Plan 1,Room_Type 1,213,2018-11-07,Online,102.85,Canceled
INN00403,2,0,1,2,Meal Plan 1,Room_Type 1,198,2018-11-08,Online,90,Canceled
INN00404,2,0,1,2,Meal Plan 1,Room_Type 2,81,2018-11-09,Online,62.37,Not_Canceled
INN00405,2,0,0,1,Not Selected,Room_Type 1,23,2018-11-10,Online,98,Not_Canceled
INN00406,2,0,0,3,Meal Plan 1,Room_Type 1,26,2018-11-11,Online,117.67,Canceled
INN00407,2,0,2,1,Meal Plan 1,Room_Type 1,20,2018-11-12,Online,141,Not_Canceled
INN00408,2,1,1,3,Meal Plan 1,Room_Type 6,124,2018-11-13,Online,156.61,Canceled
INN00409,3,0,0,3,Meal Plan 1,Room_Type 4,85,2018-11-14,Online,152.1,Canceled
INN00410,2,0,0,1,Meal Plan 1,Room_Type 1,167,2018-11-15,Online,105.3,Canceled
INN00411,2,0,1,3,Meal Plan 1,Room_Type 1,71,2018-11-16,Online,119.85,Not_Canceled
INN00412,2,0,0,2,Meal Plan 1,Room_Type 1,48,2018-11-17,Online,97.2,Not_Canceled
INN00413,1,0,0,1,Not Selected,Room_Type 1,37,2018-11-18,Online,116.1,Not_Canceled
INN00414,3,0,2,2,Meal Plan 1,Room_Type 4,76,2018-11-19,Online,150.45,Canceled
INN00415,1,0,0,1,Meal Plan 1,Room_Type 1,13,2018-11-20,Offline,71,Not_Canceled
INN00416,1,0,1,0,Meal Plan 1,Room_Type 1,3,2018-11-21,Complementary,0,Not_Canceled
INN00417,2,0,1,2,Meal Plan 1,Room_Type 4,75,2018-11-22,Offline,60,Not_Canceled
INN00418,1,0,0,1,Meal Plan 1,Room_Type 1,5,2018-11-23,Corporate,89,Not_Canceled
INN00419,2,0,2,0,Meal Plan 2,Room_Type 1,386,2018-11-24,Online,115,Canceled
INN00420,2,0,1,1,Meal Plan 1,Room_Type 1,180,2018-11-25,Offline,100,Not_Canceled
INN00421,2,0,1,3,Not Selected,Room_Type 1,122,2018-11-26,Online,75.9,Canceled
INN00422,2,0,1,2,Meal Plan 1,Room_Type 1,224,2018-11-27,Offline,65,Not_Canceled
INN00423,2,0,2,2,Meal Plan 1,Room_Type 1,24,2018-11-28,Online,104.55,Not_Canceled
INN00424,1,0,2,2,Meal Plan 1,Room_Type 1,162,2018-11-29,Online,115,Canceled
INN00425,3,0,1,1,Meal Plan 1,Room_Type 4,25,2018-11-30,Online,187,Canceled
INN00426,1,0,0,1,Meal Plan 1,Room_Type 1,1,2018-12-01,Online,115,Not_Canceled
INN00427,2,0,0,4,Not Selected,Room_Type 1,236,2018-12-02,Online,84.43,Canceled
INN00428,2,0,2,3,Meal Plan 1,Room_Type 1,120,2018-12-03,Online,90.95,Canceled
INN00429,2,0,1,3,Meal Plan 2,Room_Type 4,12,2018-12-04,Online,208,Not_Canceled
INN00430,2,0,2,4,Meal Plan 1,Room_Type 1,224,2018-12-05,Online,97.18,Canceled
INN00431,1,0,0,4,Meal Plan 2,Room_Type 1,33,2018-12-06,Offline,79.11,Not_Canceled
INN00432,2,0,0,2,Meal Plan 1,Room_Type 1,24,2018-12-07,Complementary,0,Not_Canceled
INN00433,2,0,0,1,Meal Plan 1,Room_Type 4,22,2018-12-08,Online,120,Not_Canceled
INN00434,2,0,0,3,Meal Plan 1,Room_Type 1,10,2018-12-09,Online,126,Not_Canceled
INN00435,2,0,0,2,Meal Plan 1,Room_Type 1,15,2018-12-10,Online,91,Canceled
INN00436,2,0,0,5,Meal Plan 2,Room_Type 1,230,2018-12-11,Online,137,Canceled
INN00437,2,0,0,4,Meal Plan 1,Room_Type 1,54,2018-12-12,Offline,67.32,Not_Canceled
INN00438,2,0,0,1,Meal Plan 1,Room_Type 1,45,2018-12-13,Online,81.62,Not_Canceled
INN00439,3,0,1,3,Meal Plan 2,Room_Type 4,63,2018-12-14,Online,123.66,Not_Canceled
INN00440,2,0,2,1,Not Selected,Room_Type 1,166,2018-12-15,Online,94.5,Not_Canceled
INN00441,2,0,1,4,Meal Plan 1,Room_Type 1,148,2018-12-16,Online,96.3,Canceled
INN00442,2,0,2,1,Meal Plan 1,Room_Type 1,136,2018-12-17,Online,88.01,Not_Canceled
INN00443,2,0,1,3,Meal Plan 1,Room_Type 1,37,2018-12-18,Online,81.9,Not_Canceled
INN00444,2,0,0,4,Meal Plan 1,Room_Type 1,66,2018-12-19,Online,119.85,Not_Canceled
INN00445,1,0,0,1,Meal Plan 1,Room_Type 1,11,2018-12-20,Offline,83.5,Not_Canceled
INN00446,1,0,0,1,Meal Plan 1,Room_Type 1,1,2018-12-21,Corporate,67,Not_Canceled
INN00447,2,0,2,2,Meal Plan 1,Room_Type 4,7,2018-12-22,Online,156,Not_Canceled
INN00448,2,0,0,1,Meal Plan 1,Room_Type 1,43,2018-12-23,Offline,85,Not_Canceled
INN00449,2,0,3,5,Meal Plan 1,Room_Type 4,5,2018-12-24,Online,126.75,Canceled
INN00450,2,0,1,1,Meal Plan 2,Room_Type 1,247,2018-12-25,Online,115,Canceled
INN00451,2,0,2,1,Not Selected,Room_Type 1,24,2018-12-26,Online,107.1,Canceled
INN00452,1,0,0,1,Meal Plan 1,Room_Type 1,53,2018-12-27,Offline,120,Not_Canceled
INN00453,2,0,2,1,Meal Plan 1,Room_Type 1,52,2018-12-28,Online,93.6,Not_Canceled
INN00454,2,0,0,1,Meal Plan 1,Room_Type 1,56,2018-12-29,Offline,120,Not_Canceled
INN00455,1,0,0,1,Meal Plan 1,Room_Type 1,12,2018-12-30,Offline,90,Not_Canceled
INN00456,2,0,0,5,Meal Plan 1,Room_Type 1,230,2018-12-31,Online,137,Canceled
INN00457,2,1,1,3,Meal Plan 1,Room_Type 1,92,2019-01-01,Online,106.43,Canceled
INN00458,1,0,0,3,Not Selected,Room_Type 1,2,2019-01-02,Online,87.78,Not_Canceled
INN00459,2,0,0,2,Meal Plan 2,Room_Type 1,74,2019-01-03,Offline,101.5,Not_Canceled
INN00460,2,0,0,1,Not Selected,Room_Type 1,82,2019-01-04,Online,85.5,Canceled
INN00461,1,0,0,3,Meal Plan 1,Room_Type 1,37,2019-01-05,Offline,95,Not_Canceled
INN00462,2,0,2,2,Meal Plan 1,Room_Type 4,147,2019-01-06,Online,103.7,Not_Canceled
INN00463,1,0,0,1,Meal Plan 1,Room_Type 1,2,2019-01-07,Corporate,65,Not_Canceled
INN00464,2,0,2,6,Meal Plan 1,Room_Type 1,166,2019-01-08,Online,100.12,Canceled
INN00465,2,0,1,3,Meal Plan 2,Room_Type 1,28,2019-01-09,Online,156.25,Not_Canceled
INN00466,2,0,1,2,Meal Plan 2,Room_Type 1,309,2019-01-10,Online,101,Canceled
INN00467,2,0,1,3,Meal Plan 2,Room_Type 1,54,2019-01-11,Online,161.1,Not_Canceled
INN00468,2,0,1,3,Not Selected,Room_Type 1,49,2019-01-12,Online,83.8,Not_Canceled
INN00469,2,1,0,1,Meal Plan 1,Room_Type 1,1,2019-01-13,Online,168,Not_Canceled
INN00470,2,0,2,1,Meal Plan 1,Room_Type 1,0,2019-01-14,Offline,58,Not_Canceled
INN00471,2,0,2,1,Meal Plan 2,Room_Type 1,4,2019-01-15,Offline,94.5,Not_Canceled
INN00472,2,0,0,4,Meal Plan 1,Room_Type 1,60,2019-01-16,Online,96.3,Not_Canceled
INN00473,2,0,0,1,Meal Plan 1,Room_Type 1,157,2019-01-17,Online,76.5,Not_Canceled
INN00474,2,0,2,3,Meal Plan 1,Room_Type 1,268,2019-01-18,Offline,78,Not_Canceled
INN00475,2,0,1,1,Not Selected,Room_Type 1,38,2019-01-19,Online,112.59,Canceled
INN00476,2,2,2,1,Meal Plan 1,Room_Type 7,30,2019-01-20,Online,187.04,Canceled
INN00477,2,0,0,1,Meal Plan 1,Room_Type 1,2,2019-01-21,Online,169,Not_Canceled
INN00478,2,0,3,7,Not Selected,Room_Type 1,217,2019-01-22,Online,46.63,Not_Canceled
INN00479,2,0,0,3,Meal Plan 1,Room_Type 1,143,2019-01-23,Offline,100,Not_Canceled
INN00480,2,0,0,3,Not Selected,Room_Type 1,179,2019-01-24,Online,85.5,Not_Canceled
INN00481,1,0,0,2,Meal Plan 1,Room_Type 1,188,2019-01-25,Online,130,Canceled
INN00482,3,0,2,2,Meal Plan 1,Room_Type 4,94,2019-01-26,Online,146.7,Not_Canceled
INN00483,1,0,0,2,Meal Plan 1,Room_Type 1,32,2019-01-27,Offline,73,Not_Canceled
INN00484,3,0,2,2,Meal Plan 1,Room_Type 6,2,2019-01-28,Online,143.22,Not_Canceled
INN00485,2,0,0,3,Meal Plan 1,Room_Type 1,70,2019-01-29,Online,89.25,Not_Canceled
INN00486,2,0,1,0,Not Selected,Room_Type 1,4,2019-01-30,Offline,85,Not_Canceled
INN00487,2,0,2,0,Meal Plan 1,Room_Type 1,34,2019-01-31,Complementary,6.5,Not_Canceled
INN00488,2,2,0,1,Meal Plan 1,Room_Type 2,16,2019-02-01,Online,83.03,Canceled
INN00489,2,0,1,3,Meal Plan 1,Room_Type 1,24,2019-02-02,Online,91,Canceled
INN00490,2,0,2,2,Not Selected,Room_Type 1,78,2019-02-03,Online,80.75,Not_Canceled
INN00491,2,0,1,2,Meal Plan 1,Room_Type 1,305,2019-02-04,Online,89,Canceled
INN00492,2,0,0,3,Meal Plan 1,Room_Type 1,37,2019-02-05,Offline,105,Not_Canceled
INN00493,2,0,2,5,Meal Plan 1,Room_Type 1,98,2019-02-06,Online,109.81,Not_Canceled
INN00494,2,0,1,3,Meal Plan 1,Room_Type 4,14,2019-02-07,Online,70.88,Not_Canceled
INN00495,1,0,0,2,Not Selected,Room_Type 1,44,2019-02-08,Online,83.6,Not_Canceled
INN00496,1,0,2,1,Meal Plan 1,Room_Type 1,1,2019-02-09,Online,60,Canceled
INN00497,2,0,0,3,Meal Plan 1,Room_Type 1,213,2019-02-10,Online,130,Canceled
INN00498,1,0,1,1,Meal Plan 1,Room_Type 1,5,2019-02-11,Online,95,Not_Canceled
INN00499,2,0,0,1,Meal Plan 2,Room_Type 1,55,2019-02-12,Offline,104,Not_Canceled
INN00500,2,0,0,3,Meal Plan 1,Room_Type 4,139,2019-02-13,Offline,62,Not_Canceled
INN00501,2,0,2,1,Meal Plan 1,Room_Type 2,44,2019-02-14,Offline,95,Not_Canceled
INN00502,1,0,2,1,Meal Plan 2,Room_Type 4,18,2019-02-15,Online,145,Not_Canceled
INN00503,1,0,1,0,Meal Plan 1,Room_Type 1,0,2019-02-16,Corporate,95,Not_Canceled
INN00504,1,0,0,2,Meal Plan 1,Room_Type 1,192,2019-02-17,Offline,95,Not_Canceled
INN00505,2,0,2,4,Meal Plan 1,Room_Type 1,152,2019-02-18,Offline,80.75,Not_Canceled
INN00506,3,0,0,4,Meal Plan 1,Room_Type 4,42,2019-02-19,Online,142.2,Not_Canceled
INN00507,3,0,2,3,Meal Plan 1,Room_Type 4,209,2019-02-20,Online,128.7,Canceled
INN00508,2,0,2,3,Meal Plan 1,Room_Type 1,69,2019-02-21,Online,90.95,Not_Canceled
INN00509,2,0,1,2,Meal Plan 1,Room_Type 1,80,2019-02-22,Online,93.6,Not_Canceled
INN00510,2,0,1,2,Meal Plan 1,Room_Type 4,49,2019-02-23,Offline,60,Not_Canceled
INN00511,1,0,0,3,Meal Plan 1,Room_Type 1,143,2019-02-24,Offline,90,Not_Canceled
INN00512,2,0,2,1,Not Selected,Room_Type 1,67,2019-02-25,Online,95.4,Not_Canceled
INN00513,2,0,0,2,Meal Plan 1,Room_Type 1,41,2019-02-26,Online,160,Canceled
INN00514,2,0,2,1,Meal Plan 1,Room_Type 4,154,2019-02-27,Online,104.1,Canceled
INN00515,2,0,0,1,Meal Plan 2,Room_Type 1,55,2019-02-28,Offline,104,Not_Canceled
INN00516,2,0,0,4,Meal Plan 1,Room_Type 1,2,2019-03-01,Offline,109,Not_Canceled
INN00517,2,0,2,4,Meal Plan 1,Room_Type 4,99,2019-03-02,Online,93.78,Canceled
INN00518,1,0,0,2,Meal Plan 1,Room_Type 1,14,2019-03-03,Corporate,95,Not_Canceled
INN00519,1,0,0,1,Not Selected,Room_Type 1,0,2019-03-04,Online,140,Not_Canceled
INN00520,2,0,1,3,Meal Plan 1,Room_Type 1,22,2019-03-05,Online,87,Not_Canceled
INN00521,1,0,2,1,Meal Plan 1,Room_Type 4,7,2019-03-06,Online,85.85,Not_Canceled
INN00522,2,0,1,3,Meal Plan 1,Room_Type 4,84,2019-03-07,Online,99.45,Not_Canceled
INN00523,2,0,0,4,Meal Plan 1,Room_Type 4,109,2019-03-08,Online,120.28,Not_Canceled
INN00524,1,0,0,3,Meal Plan 1,Room_Type 1,71,2019-03-09,Offline,120,Not_Canceled
INN00525,2,0,2,0,Meal Plan 1,Room_Type 1,4,2019-03-10,Online,77.77,Not_Canceled
INN00526,1,0,0,3,Meal Plan 1,Room_Type 1,71,2019-03-11,Offline,120,Not_Canceled
INN00527,2,0,0,1,Not Selected,Room_Type 1,58,2019-03-12,Online,116.1,Not_Canceled
INN00528,3,0,0,1,Meal Plan 2,Room_Type 4,133,2019-03-13,Online,189,Canceled
INN00529,2,0,2,1,Meal Plan 1,Room_Type 4,27,2019-03-14,Online,152.67,Canceled
INN00530,2,0,2,3,Meal Plan 1,Room_Type 1,27,2019-03-15,Online,66.31,Not_Canceled
INN00531,1,0,0,1,Meal Plan 1,Room_Type 1,9,2019-03-16,Online,95,Not_Canceled
INN00532,2,1,0,3,Meal Plan 1,Room_Type 1,86,2019-03-17,Online,122,Canceled
INN00533,2,0,0,3,Meal Plan 1,Room_Type 1,13,2019-03-18,Offline,58,Not_Canceled
INN00534,2,0,1,3,Meal Plan 1,Room_Type 1,0,2019-03-19,Online,89.89,Not_Canceled
INN00535,2,0,0,2,Meal Plan 1,Room_Type 4,5,2019-03-20,Online,156,Not_Canceled
INN00536,2,0,1,3,Meal Plan 1,Room_Type 4,82,2019-03-21,Online,99.45,Not_Canceled
INN00537,2,1,0,2,Meal Plan 1,Room_Type 6,330,2019-03-22,Online,172.8,Canceled
INN00538,2,0,1,3,Not Selected,Room_Type 1,3,2019-03-23,Online,98.56,Not_Canceled
INN00539,1,0,0,1,Meal Plan 1,Room_Type 1,35,2019-03-24,Online,71.1,Canceled
INN00540,1,0,6,15,Meal Plan 1,Room_Type 4,12,2019-03-25,Online,128.06,Canceled
INN00541,1,0,0,1,Meal Plan 1,Room_Type 1,0,2019-03-26,Complementary,0,Not_Canceled
INN00542,2,1,0,1,Meal Plan 1,Room_Type 1,7,2019-03-27,Online,106,Not_Canceled
INN00543,2,0,0,4,Meal Plan 1,Room_Type 4,47,2019-03-28,Online,130.61,Canceled
INN00544,2,0,2,3,Not Selected,Room_Type 1,117,2019-03-29,Online,105.74,Not_Canceled
INN00545,2,0,0,2,Meal Plan 1,Room_Type 4,2,2019-03-30,Online,136,Not_Canceled
INN00546,2,0,0,1,Meal Plan 1,Room_Type 1,26,2019-03-31,Offline,120,Not_Canceled
INN00547,2,0,2,2,Not Selected,Room_Type 1,75,2019-04-01,Online,74.8,Not_Canceled
INN00548,2,0,0,2,Meal Plan 2,Room_Type 1,256,2019-04-02,Online,112,Canceled
INN00549,2,1,1,0,Meal Plan 1,Room_Type 1,137,2019-04-03,Online,121.5,Not_Canceled
INN00550,2,0,0,4,Meal Plan 1,Room_Type 1,92,2019-04-04,Offline,70,Not_Canceled
INN00551,1,0,0,1,Meal Plan 1,Room_Type 1,1,2019-04-05,Offline,75,Not_Canceled
INN00552,2,0,0,1,Meal Plan 1,Room_Type 1,18,2019-04-06,Offline,54,Not_Canceled
INN00553,2,0,1,2,Meal Plan 1,Room_Type 1,78,2019-04-07,Online,100,Canceled
INN00554,1,0,0,1,Meal Plan 1,Room_Type 4,8,2019-04-08,Complementary,0,Not_Canceled
INN00555,1,2,4,9,Meal Plan 1,Room_Type 6,30,2019-04-09,Online,186.22,Canceled
INN00556,2,0,2,0,Not Selected,Room_Type 1,117,2019-04-10,Online,79.2,Not_Canceled
INN00557,2,0,1,1,Meal Plan 1,Room_Type 1,10,2019-04-11,Online,103,Not_Canceled
INN00558,2,0,2,2,Meal Plan 1,Room_Type 1,56,2019-04-12,Offline,185,Not_Canceled
INN00559,2,0,0,2,Meal Plan 1,Room_Type 1,8,2019-04-13,Online,135,Not_Canceled
INN00560,2,0,2,0,Meal Plan 2,Room_Type 1,386,2019-04-14,Online,115,Canceled
INN00561,2,0,0,2,Meal Plan 2,Room_Type 1,273,2019-04-15,Online,109,Canceled
INN00562,2,0,0,1,Meal Plan 1,Room_Type 1,33,2019-04-16,Online,104,Canceled
INN00563,3,0,2,5,Meal Plan 1,Room_Type 4,184,2019-04-17,Online,130.05,Not_Canceled
INN00564,2,0,1,3,Meal Plan 1,Room_Type 1,232,2019-04-18,Online,100.3,Canceled
INN00565,1,0,0,2,Meal Plan 1,Room_Type 1,188,2019-04-19,Online,130,Canceled
INN00566,2,0,0,2,Meal Plan 2,Room_Type 1,102,2019-04-20,Offline,109,Not_Canceled
INN00567,2,0,2,2,Meal Plan 1,Room_Type 4,45,2019-04-21,Online,139.5,Canceled
INN00568,1,0,0,1,Meal Plan 1,Room_Type 1,1,2019-04-22,Corporate,66,Not_Canceled
INN00569,2,0,2,2,Meal Plan 1,Room_Type 1,63,2019-04-23,Online,106.88,Not_Canceled
INN00570,2,0,2,2,Meal Plan 1,Room_Type 4,89,2019-04-24,Online,149.4,Not_Canceled
INN00571,1,0,0,2,Meal Plan 1,Room_Type 1,63,2019-04-25,Online,109.35,Not_Canceled
INN00572,2,0,0,3,Meal Plan 1,Room_Type 1,304,2019-04-26,Online,89,Canceled
INN00573,1,0,2,1,Meal Plan 1,Room_Type 1,1,2019-04-27,Online,115,Not_Canceled
INN00574,1,0,0,1,Meal Plan 1,Room_Type 1,51,2019-04-28,Corporate,85.5,Not_Canceled
INN00575,2,0,0,2,Meal Plan 1,Room_Type 4,110,2019-04-29,Online,90.95,Not_Canceled
INN00576,2,0,2,1,Meal Plan 1,Room_Type 4,20,2019-04-30,Online,117.55,Not_Canceled
INN00577,2,0,0,1,Not Selected,Room_Type 1,50,2019-05-01,Online,108,Canceled
INN00578,2,0,0,3,Meal Plan 1,Room_Type 4,48,2019-05-02,Online,139.5,Not_Canceled
INN00579,2,0,0,3,Meal Plan 1,Room_Type 5,96,2019-05-03,Online,129.88,Canceled
INN00580,2,0,1,4,Meal Plan 1,Room_Type 1,148,2019-05-04,Offline,67,Not_Canceled
INN00581,2,0,1,1,Not Selected,Room_Type 1,25,2019-05-05,Online,129,Canceled
INN00582,2,0,2,5,Meal Plan 1,Room_Type 1,148,2019-05-06,Online,79.53,Canceled
INN00583,2,0,1,3,Meal Plan 1,Room_Type 1,114,2019-05-07,Offline,72.25,Not_Canceled
INN00584,1,0,0,2,Meal Plan 2,Room_Type 1,257,2019-05-08,Offline,80,Not_Canceled
INN00585,2,0,2,5,Meal Plan 1,Room_Type 1,105,2019-05-09,Online,119.85,Not_Canceled
INN00586,1,0,1,2,Meal Plan 1,Room_Type 1,4,2019-05-10,Online,117,Not_Canceled
INN00587,2,0,2,2,Meal Plan 2,Room_Type 4,67,2019-05-11,Complementary,29,Not_Canceled
INN00588,2,0,2,2,Meal Plan 1,Room_Type 1,61,2019-05-12,Online,118.8,Not_Canceled
INN00589,2,0,0,2,Meal Plan 1,Room_Type 1,79,2019-05-13,Offline,192.03,Not_Canceled
INN00590,3,0,0,1,Meal Plan 1,Room_Type 1,74,2019-05-14,Online,168.3,Not_Canceled
INN00591,2,0,0,1,Not Selected,Room_Type 1,120,2019-05-15,Online,72.76,Not_Canceled
INN00592,2,0,0,3,Meal Plan 1,Room_Type 1,157,2019-05-16,Offline,68,Not_Canceled
INN00593,2,0,0,4,Meal Plan 1,Room_Type 1,4,2019-05-17,Online,89,Not_Canceled
INN00594,2,0,2,5,Meal Plan 1,Room_Type 4,46,2019-05-18,Online,124.46,Not_Canceled
INN00595,1,0,2,1,Meal Plan 1,Room_Type 1,41,2019-05-19,Corporate,70.33,Not_Canceled
INN00596,3,0,1,4,Meal Plan 1,Room_Type 4,84,2019-05-20,Online,170.1,Not_Canceled
INN00597,2,0,0,2,Meal Plan 1,Room_Type 1,245,2019-05-21,Online,75,Canceled
INN00598,2,0,0,3,Meal Plan 1,Room_Type 4,27,2019-05-22,Online,125.25,Not_Canceled
INN00599,2,0,3,7,Meal Plan 1,Room_Type 1,74,2019-05-23,Online,55.9,Not_Canceled
INN00600,2,0,1,2,Meal Plan 1,Room_Type 1,85,2019-05-24,Online,126.9,Canceled
INN00601,2,0,0,2,Not Selected,Room_Type 1,6,2019-05-25,Online,79,Canceled
INN00602,2,0,2,3,Meal Plan 1,Room_Type 1,256,2019-05-26,Online,94.35,Canceled
INN00603,2,0,0,2,Meal Plan 2,Room_Type 1,265,2019-05-27,Online,109,Canceled
INN00604,2,0,2,3,Meal Plan 1,Room_Type 4,64,2019-05-28,Online,112.2,Not_Canceled
INN00605,1,0,0,1,Meal Plan 1,Room_Type 1,0,2019-05-29,Corporate,109,Not_Canceled
INN00606,1,0,0,2,Meal Plan 1,Room_Type 1,91,2019-05-30,Corporate,65,Not_Canceled
INN00607,2,0,1,3,Meal Plan 1,Room_Type 1,127,2019-05-31,Offline,90,Not_Canceled
INN00608,2,0,0,3,Meal Plan 1,Room_Type 1,73,2019-06-01,Offline,85,Not_Canceled
INN00609,2,0,0,4,Meal Plan 1,Room_Type 1,36,2019-06-02,Online,168.73,Not_Canceled
INN00610,2,0,1,3,Meal Plan 1,Room_Type 1,17,2019-06-03,Online,100.38,Not_Canceled
INN00611,2,0,2,5,Meal Plan 1,Room_Type 1,164,2019-06-04,Online,99.45,Canceled
INN00612,2,0,0,1,Meal Plan 1,Room_Type 1,0,2019-06-05,Corporate,160,Not_Canceled
INN00613,2,0,2,1,Meal Plan 1,Room_Type 1,37,2019-06-06,Online,126,Not_Canceled
INN00614,3,0,1,2,Meal Plan 1,Room_Type 1,191,2019-06-07,Offline,96.9,Not_Canceled
INN00615,2,2,2,4,Meal Plan 1,Room_Type 2,33,2019-06-08,Online,95,Not_Canceled
INN00616,2,0,2,1,Meal Plan 1,Room_Type 1,32,2019-06-09,Online,94.5,Not_Canceled
INN00617,1,0,1,1,Meal Plan 1,Room_Type 1,3,2019-06-10,Offline,98.8,Not_Canceled
INN00618,2,0,2,1,Not Selected,Room_Type 1,53,2019-06-11,Online,100.5,Not_Canceled
INN00619,2,0,1,0,Meal Plan 2,Room_Type 7,8,2019-06-12,Complementary,0,Not_Canceled
INN00620,2,0,2,1,Meal Plan 1,Room_Type 1,107,2019-06-13,Online,80.75,Canceled
INN00621,2,0,0,1,Meal Plan 2,Room_Type 1,55,2019-06-14,Offline,104,Not_Canceled
INN00622,2,0,1,2,Meal Plan 1,Room_Type 1,84,2019-06-15,Offline,89.75,Not_Canceled
INN00623,2,2,0,2,Meal Plan 1,Room_Type 6,0,2019-06-16,Online,156,Not_Canceled
INN00624,2,0,1,1,Meal Plan 1,Room_Type 4,1,2019-06-17,Online,136,Not_Canceled
INN00625,2,0,0,2,Meal Plan 1,Room_Type 1,29,2019-06-18,Corporate,85,Not_Canceled
INN00626,2,0,0,4,Meal Plan 1,Room_Type 4,41,2019-06-19,Online,87.54,Not_Canceled
INN00627,2,0,0,2,Meal Plan 1,Room_Type 1,86,2019-06-20,Corporate,100,Not_Canceled
INN00628,2,0,2,2,Meal Plan 1,Room_Type 1,167,2019-06-21,Online,108.9,Canceled
INN00629,2,0,0,3,Not Selected,Room_Type 1,34,2019-06-22,Online,107.1,Not_Canceled
INN00630,2,0,1,2,Meal Plan 1,Room_Type 1,101,2019-06-23,Online,80,Canceled
INN00631,2,0,0,3,Meal Plan 1,Room_Type 1,259,2019-06-24,Online,90,Canceled
INN00632,2,0,0,2,Meal Plan 1,Room_Type 1,122,2019-06-25,Online,105.3,Not_Canceled
INN00633,2,0,0,1,Not Selected,Room_Type 1,1,2019-06-26,Online,80,Not_Canceled
INN00634,2,0,0,2,Meal Plan 1,Room_Type 4,107,2019-06-27,Online,142.2,Not_Canceled
INN00635,2,0,0,3,Meal Plan 1,Room_Type 4,35,2019-06-28,Online,131.4,Not_Canceled
INN00636,1,0,0,2,Meal Plan 1,Room_Type 1,192,2019-06-29,Offline,95,Not_Canceled
INN00637,2,0,0,2,Meal Plan 1,Room_Type 1,4,2019-06-30,Online,111,Canceled
INN00638,2,0,1,3,Meal Plan 1,Room_Type 1,85,2019-07-01,Offline,85,Not_Canceled
INN00639,3,0,0,4,Meal Plan 1,Room_Type 4,137,2019-07-02,Online,130.95,Canceled
INN00640,2,0,0,2,Meal Plan 2,Room_Type 1,74,2019-07-03,Offline,101.5,Not_Canceled
INN00641,1,0,2,1,Meal Plan 1,Room_Type 1,116,2019-07-04,Offline,82,Not_Canceled
INN00642,2,0,2,2,Meal Plan 1,Room_Type 1,34,2019-07-05,Online,94.5,Not_Canceled
INN00643,2,0,2,1,Meal Plan 1,Room_Type 1,56,2019-07-06,Online,109.8,Canceled
INN00644,2,0,2,4,Meal Plan 1,Room_Type 1,149,2019-07-07,Online,72.25,Canceled
INN00645,2,0,2,2,Not Selected,Room_Type 1,12,2019-07-08,Online,55.72,Not_Canceled
INN00646,3,0,1,1,Meal Plan 1,Room_Type 4,52,2019-07-09,Online,158.4,Canceled
INN00647,2,0,1,4,Meal Plan 1,Room_Type 4,191,2019-07-10,Offline,69,Not_Canceled
INN00648,2,0,0,3,Meal Plan 1,Room_Type 1,37,2019-07-11,Offline,105,Not_Canceled
INN00649,2,0,0,3,Meal Plan 1,Room_Type 4,57,2019-07-12,Online,219.6,Canceled
INN00650,1,0,2,3,Meal Plan 1,Room_Type 1,9,2019-07-13,Offline,44.8,Not_Canceled
INN00651,2,0,0,1,Not Selected,Room_Type 1,7,2019-07-14,Online,120,Not_Canceled
INN00652,2,0,1,2,Meal Plan 1,Room_Type 1,78,2019-07-15,Online,100,Canceled
INN00653,2,0,0,1,Not Selected,Room_Type 1,0,2019-07-16,Online,109,Not_Canceled
INN00654,0,2,1,2,Meal Plan 1,Room_Type 2,78,2019-07-17,Online,115.68,Not_Canceled
INN00655,2,0,1,2,Meal Plan 1,Room_Type 1,31,2019-07-18,Offline,75,Not_Canceled
INN00656,2,0,0,2,Meal Plan 2,Room_Type 5,37,2019-07-19,Offline,134.1,Not_Canceled
INN00657,2,0,2,1,Meal Plan 1,Room_Type 4,8,2019-07-20,Online,124.1,Not_Canceled
INN00658,4,0,0,2,Meal Plan 1,Room_Type 7,32,2019-07-21,Online,214.75,Not_Canceled
INN00659,2,0,1,2,Meal Plan 1,Room_Type 1,48,2019-07-22,Offline,75,Not_Canceled
INN00660,2,0,1,2,Meal Plan 1,Room_Type 1,89,2019-07-23,Online,72.25,Not_Canceled
INN00661,1,0,1,0,Meal Plan 1,Room_Type 1,0,2019-07-24,Corporate,80,Not_Canceled
INN00662,2,0,0,1,Meal Plan 1,Room_Type 1,15,2019-07-25,Online,139,Not_Canceled
INN00663,1,0,0,1,Meal Plan 1,Room_Type 1,10,2019-07-26,Corporate,66,Not_Canceled
INN00664,1,0,0,3,Meal Plan 1,Room_Type 1,43,2019-07-27,Online,115.5,Not_Canceled
INN00665,2,1,1,1,Meal Plan 1,Room_Type 1,27,2019-07-28,Online,195.5,Not_Canceled
INN00666,2,0,2,0,Meal Plan 2,Room_Type 1,386,2019-07-29,Online,115,Canceled
INN00667,1,0,0,1,Meal Plan 2,Room_Type 1,72,2019-07-30,Offline,84,Not_Canceled
INN00668,2,0,2,1,Not Selected,Room_Type 1,10,2019-07-31,Online,107.8,Not_Canceled
INN00669,2,0,0,3,Meal Plan 1,Room_Type 1,37,2019-08-01,Offline,105,Not_Canceled
INN00670,2,0,2,3,Meal Plan 1,Room_Type 1,170,2019-08-02,Offline,78,Not_Canceled
INN00671,1,0,0,2,Meal Plan 2,Room_Type 1,265,2019-08-03,Offline,90,Not_Canceled
INN00672,2,0,1,1,Not Selected,Room_Type 1,49,2019-08-04,Online,105.3,Canceled
INN00673,2,0,0,3,Meal Plan 1,Room_Type 1,51,2019-08-05,Online,80.3,Not_Canceled
INN00674,1,0,1,0,Meal Plan 2,Room_Type 1,3,2019-08-06,Online,129,Not_Canceled
INN00675,2,0,0,2,Meal Plan 2,Room_Type 1,265,2019-08-07,Online,115,Canceled
INN00676,2,0,2,0,Not Selected,Room_Type 1,34,2019-08-08,Online,125.1,Not_Canceled
INN00677,2,0,0,1,Meal Plan 1,Room_Type 1,1,2019-08-09,Online,103,Not_Canceled
INN00678,2,0,2,0,Not Selected,Room_Type 1,77,2019-08-10,Online,125.1,Not_Canceled
INN00679,1,0,2,5,Not Selected,Room_Type 1,60,2019-08-11,Online,96.17,Canceled
INN00680,2,0,2,2,Meal Plan 1,Room_Type 1,56,2019-08-12,Offline,185,Not_Canceled
INN00681,2,0,2,0,Not Selected,Room_Type 1,0,2019-08-13,Online,69.74,Not_Canceled
INN00682,2,2,2,3,Meal Plan 1,Room_Type 6,136,2019-08-14,Online,172.55,Canceled
INN00683,1,0,0,3,Meal Plan 1,Room_Type 1,4,2019-08-15,Online,95,Not_Canceled
INN00684,2,1,1,2,Meal Plan 2,Room_Type 1,68,2019-08-16,Online,166.35,Not_Canceled
INN00685,2,0,0,1,Not Selected,Room_Type 1,1,2019-08-17,Online,108,Not_Canceled
INN00686,2,0,1,3,Meal Plan 1,Room_Type 4,61,2019-08-18,Online,102,Not_Canceled
INN00687,2,0,1,2,Meal Plan 1,Room_Type 7,40,2019-08-19,Online,203.73,Not_Canceled
INN00688,2,0,2,5,Not Selected,Room_Type 1,6,2019-08-20,Online,78.69,Canceled
INN00689,2,0,0,3,Not Selected,Room_Type 1,58,2019-08-21,Online,79.2,Canceled
INN00690,1,0,0,2,Meal Plan 1,Room_Type 1,35,2019-08-22,Online,76.5,Not_Canceled
INN00691,2,0,0,2,Meal Plan 1,Room_Type 1,177,2019-08-23,Online,100,Canceled
INN00692,2,0,0,4,Meal Plan 1,Room_Type 1,13,2019-08-24,Online,88.4,Not_Canceled
INN00693,1,0,2,4,Meal Plan 1,Room_Type 1,245,2019-08-25,Online,110,Canceled
INN00694,2,0,1,2,Meal Plan 1,Room_Type 4,189,2019-08-26,Online,109.8,Canceled
INN00695,2,0,2,1,Meal Plan 1,Room_Type 1,271,2019-08-27,Offline,78.3,Not_Canceled
INN00696,2,0,0,2,Meal Plan 2,Room_Type 1,257,2019-08-28,Online,101.5,Canceled
INN00697,2,0,2,4,Not Selected,Room_Type 1,207,2019-08-29,Online,80.75,Not_Canceled
INN00698,2,0,2,2,Meal Plan 1,Room_Type 1,108,2019-08-30,Online,104,Not_Canceled
INN00699,2,0,0,3,Not Selected,Room_Type 1,39,2019-08-31,Online,51.19,Not_Canceled
INN00700,2,1,0,1,Meal Plan 1,Room_Type 1,11,2019-09-01,Online,150,Canceled
